[
  {
    "id": 1,
    "name": "防护用品",
    "description": "口罩、手套、隔离衣等"
  },
  {
    "id": 2,
    "name": "检测试剂",
    "description": "PCR试剂盒、血糖试纸等"
  },
  {
    "id": 3,
    "name": "注射器械",
    "description": "注射器、输液器等"
  },
  {
    "id": 4,
    "name": "消毒用品",
    "description": "酒精、碘伏等"
  },
  {
    "id": 5,
    "name": "采血器械",
    "description": "采血管、病毒采样管等"
  },
  {
    "id": 6,
    "name": "手术器械",
    "description": "手术刀片等"
  },
  {
    "id": 7,
    "name": "实验耗材",
    "description": "培养皿等"
  },
  {
    "id": 8,
    "name": "敷料用品",
    "description": "胶带、棉签等"
  },
  {
    "id": 9,
    "name": "监测器械",
    "description": "心电电极片等"
  },
  {
    "id": 10,
    "name": "输液器械",
    "description": "一次性输液器等"
  },
  {
    "id": 11,
    "name": "临检 > 血型 > 质控品",
    "description": "从Excel导入: 临检 > 血型 > 质控品",
    "createdAt": "2026-02-05T01:48:58.777Z",
    "updatedAt": "2026-02-05T01:48:58.777Z"
  },
  {
    "id": 12,
    "name": "免疫 > 其他项目",
    "description": "从Excel导入: 免疫 > 其他项目",
    "createdAt": "2026-02-05T01:48:58.777Z",
    "updatedAt": "2026-02-05T01:48:58.777Z"
  },
  {
    "id": 13,
    "name": "微生物 > 培养 > 主试剂",
    "description": "从Excel导入: 微生物 > 培养 > 主试剂",
    "createdAt": "2026-02-05T01:48:58.777Z",
    "updatedAt": "2026-02-05T01:48:58.777Z"
  },
  {
    "id": 14,
    "name": "临检 > 血气与电解质 > 主试剂",
    "description": "从Excel导入: 临检 > 血气与电解质 > 主试剂",
    "createdAt": "2026-02-05T01:48:58.777Z",
    "updatedAt": "2026-02-05T01:48:58.777Z"
  },
  {
    "id": 15,
    "name": "免疫 > 传染病 > 主试剂",
    "description": "从Excel导入: 免疫 > 传染病 > 主试剂",
    "createdAt": "2026-02-05T01:48:58.777Z",
    "updatedAt": "2026-02-05T01:48:58.777Z"
  },
  {
    "id": 16,
    "name": "免疫 > 自免抗体 > 主试剂",
    "description": "从Excel导入: 免疫 > 自免抗体 > 主试剂",
    "createdAt": "2026-02-05T01:48:58.777Z",
    "updatedAt": "2026-02-05T01:48:58.777Z"
  },
  {
    "id": 17,
    "name": "免疫 > 性激素 > 主试剂",
    "description": "从Excel导入: 免疫 > 性激素 > 主试剂",
    "createdAt": "2026-02-05T01:48:58.778Z",
    "updatedAt": "2026-02-05T01:48:58.778Z"
  },
  {
    "id": 18,
    "name": "免疫 > 性激素 > 校准品",
    "description": "从Excel导入: 免疫 > 性激素 > 校准品",
    "createdAt": "2026-02-05T01:48:58.778Z",
    "updatedAt": "2026-02-05T01:48:58.778Z"
  },
  {
    "id": 19,
    "name": "免疫 > 通用耗材",
    "description": "从Excel导入: 免疫 > 通用耗材",
    "createdAt": "2026-02-05T01:48:58.778Z",
    "updatedAt": "2026-02-05T01:48:58.778Z"
  },
  {
    "id": 20,
    "name": "微生物 > 培养 > 其他",
    "description": "从Excel导入: 微生物 > 培养 > 其他",
    "createdAt": "2026-02-05T01:48:58.778Z",
    "updatedAt": "2026-02-05T01:48:58.778Z"
  },
  {
    "id": 21,
    "name": "免疫 > 甲状腺激素 > 主试剂",
    "description": "从Excel导入: 免疫 > 甲状腺激素 > 主试剂",
    "createdAt": "2026-02-05T01:48:58.778Z",
    "updatedAt": "2026-02-05T01:48:58.778Z"
  },
  {
    "id": 22,
    "name": "免疫 > 甲状腺激素 > 校准品",
    "description": "从Excel导入: 免疫 > 甲状腺激素 > 校准品",
    "createdAt": "2026-02-05T01:48:58.778Z",
    "updatedAt": "2026-02-05T01:48:58.778Z"
  },
  {
    "id": 23,
    "name": "分子诊断 > 其他",
    "description": "从Excel导入: 分子诊断 > 其他",
    "createdAt": "2026-02-05T01:48:58.778Z",
    "updatedAt": "2026-02-05T01:48:58.778Z"
  },
  {
    "id": 24,
    "name": "生化",
    "description": "从Excel导入: 生化",
    "createdAt": "2026-02-05T01:48:58.778Z",
    "updatedAt": "2026-02-05T01:48:58.778Z"
  },
  {
    "id": 25,
    "name": "临检 > 血型 > 主试剂",
    "description": "从Excel导入: 临检 > 血型 > 主试剂",
    "createdAt": "2026-02-05T01:48:58.778Z",
    "updatedAt": "2026-02-05T01:48:58.778Z"
  },
  {
    "id": 26,
    "name": "微生物 > 药敏 > 其他",
    "description": "从Excel导入: 微生物 > 药敏 > 其他",
    "createdAt": "2026-02-05T01:48:58.778Z",
    "updatedAt": "2026-02-05T01:48:58.778Z"
  },
  {
    "id": 27,
    "name": "免疫 > 特种蛋白",
    "description": "从Excel导入: 免疫 > 特种蛋白",
    "createdAt": "2026-02-05T01:48:58.778Z",
    "updatedAt": "2026-02-05T01:48:58.778Z"
  },
  {
    "id": 28,
    "name": "一般耗材 > 一般耗材 > 其他",
    "description": "从Excel导入: 一般耗材 > 一般耗材 > 其他",
    "createdAt": "2026-02-05T01:48:58.778Z",
    "updatedAt": "2026-02-05T01:48:58.778Z"
  },
  {
    "id": 29,
    "name": "免疫 > 肿瘤标志物 > 主试剂",
    "description": "从Excel导入: 免疫 > 肿瘤标志物 > 主试剂",
    "createdAt": "2026-02-05T01:48:58.778Z",
    "updatedAt": "2026-02-05T01:48:58.778Z"
  },
  {
    "id": 30,
    "name": "其他 > 染色液 > 染色液",
    "description": "从Excel导入: 其他 > 染色液 > 染色液",
    "createdAt": "2026-02-05T01:48:58.778Z",
    "updatedAt": "2026-02-05T01:48:58.778Z"
  },
  {
    "id": 31,
    "name": "质控品与标准物 > 质控品",
    "description": "从Excel导入: 质控品与标准物 > 质控品",
    "createdAt": "2026-02-05T01:48:58.778Z",
    "updatedAt": "2026-02-05T01:48:58.778Z"
  },
  {
    "id": 32,
    "name": "免疫 > 传染病 > 质控品",
    "description": "从Excel导入: 免疫 > 传染病 > 质控品",
    "createdAt": "2026-02-05T01:48:58.778Z",
    "updatedAt": "2026-02-05T01:48:58.778Z"
  },
  {
    "id": 33,
    "name": "微生物 > 药敏 > 主试剂",
    "description": "从Excel导入: 微生物 > 药敏 > 主试剂",
    "createdAt": "2026-02-05T01:48:58.778Z",
    "updatedAt": "2026-02-05T01:48:58.778Z"
  },
  {
    "id": 34,
    "name": "临检 > 血常规 > 质控品",
    "description": "从Excel导入: 临检 > 血常规 > 质控品",
    "createdAt": "2026-02-05T01:48:58.778Z",
    "updatedAt": "2026-02-05T01:48:58.778Z"
  },
  {
    "id": 35,
    "name": "特定蛋白 > 免疫功能 > 主试剂",
    "description": "从Excel导入: 特定蛋白 > 免疫功能 > 主试剂",
    "createdAt": "2026-02-05T01:48:58.778Z",
    "updatedAt": "2026-02-05T01:48:58.778Z"
  },
  {
    "id": 36,
    "name": "生化 > 肝功 > 主试剂",
    "description": "从Excel导入: 生化 > 肝功 > 主试剂",
    "createdAt": "2026-02-05T01:48:58.778Z",
    "updatedAt": "2026-02-05T01:48:58.778Z"
  },
  {
    "id": 37,
    "name": "生化 > 肾功",
    "description": "从Excel导入: 生化 > 肾功",
    "createdAt": "2026-02-05T01:48:58.778Z",
    "updatedAt": "2026-02-05T01:48:58.778Z"
  },
  {
    "id": 38,
    "name": "微生物 > 鉴定 > 主试剂",
    "description": "从Excel导入: 微生物 > 鉴定 > 主试剂",
    "createdAt": "2026-02-05T01:48:58.778Z",
    "updatedAt": "2026-02-05T01:48:58.778Z"
  },
  {
    "id": 39,
    "name": "分子诊断 > 主试剂",
    "description": "从Excel导入: 分子诊断 > 主试剂",
    "createdAt": "2026-02-05T01:48:58.778Z",
    "updatedAt": "2026-02-05T01:48:58.778Z"
  },
  {
    "id": 40,
    "name": "免疫 > 肝纤维化 > 主试剂",
    "description": "从Excel导入: 免疫 > 肝纤维化 > 主试剂",
    "createdAt": "2026-02-05T01:48:58.778Z",
    "updatedAt": "2026-02-05T01:48:58.778Z"
  },
  {
    "id": 41,
    "name": "一般耗材 > 一般耗材 > 清洗液",
    "description": "从Excel导入: 一般耗材 > 一般耗材 > 清洗液",
    "createdAt": "2026-02-05T01:48:58.779Z",
    "updatedAt": "2026-02-05T01:48:58.779Z"
  },
  {
    "id": 42,
    "name": "免疫 > 肿瘤标志物 > 质控品",
    "description": "从Excel导入: 免疫 > 肿瘤标志物 > 质控品",
    "createdAt": "2026-02-05T01:48:58.779Z",
    "updatedAt": "2026-02-05T01:48:58.779Z"
  },
  {
    "id": 43,
    "name": "生化 > 特种蛋白 > 主试剂",
    "description": "从Excel导入: 生化 > 特种蛋白 > 主试剂",
    "createdAt": "2026-02-05T01:48:58.779Z",
    "updatedAt": "2026-02-05T01:48:58.779Z"
  },
  {
    "id": 44,
    "name": "生化 > 血糖 > 清洗液",
    "description": "从Excel导入: 生化 > 血糖 > 清洗液",
    "createdAt": "2026-02-05T01:48:58.779Z",
    "updatedAt": "2026-02-05T01:48:58.779Z"
  },
  {
    "id": 45,
    "name": "临检 > 体液与分泌物 > 主试剂",
    "description": "从Excel导入: 临检 > 体液与分泌物 > 主试剂",
    "createdAt": "2026-02-05T01:48:58.779Z",
    "updatedAt": "2026-02-05T01:48:58.779Z"
  },
  {
    "id": 46,
    "name": "临检 > 凝血",
    "description": "从Excel导入: 临检 > 凝血",
    "createdAt": "2026-02-05T01:48:58.779Z",
    "updatedAt": "2026-02-05T01:48:58.779Z"
  },
  {
    "id": 47,
    "name": "免疫 > TORCH > 主试剂",
    "description": "从Excel导入: 免疫 > TORCH > 主试剂",
    "createdAt": "2026-02-05T01:48:58.779Z",
    "updatedAt": "2026-02-05T01:48:58.779Z"
  },
  {
    "id": 48,
    "name": "分子诊断 > 缓冲液",
    "description": "从Excel导入: 分子诊断 > 缓冲液",
    "createdAt": "2026-02-05T01:48:58.779Z",
    "updatedAt": "2026-02-05T01:48:58.779Z"
  },
  {
    "id": 49,
    "name": "临检 > 尿化学 > 质控品",
    "description": "从Excel导入: 临检 > 尿化学 > 质控品",
    "createdAt": "2026-02-05T01:48:58.779Z",
    "updatedAt": "2026-02-05T01:48:58.779Z"
  },
  {
    "id": 50,
    "name": "免疫 > 骨代谢 > 主试剂",
    "description": "从Excel导入: 免疫 > 骨代谢 > 主试剂",
    "createdAt": "2026-02-05T01:48:58.779Z",
    "updatedAt": "2026-02-05T01:48:58.779Z"
  },
  {
    "id": 51,
    "name": "生化 > 离子 > 主试剂",
    "description": "从Excel导入: 生化 > 离子 > 主试剂",
    "createdAt": "2026-02-05T01:48:58.779Z",
    "updatedAt": "2026-02-05T01:48:58.779Z"
  },
  {
    "id": 52,
    "name": "微生物 > 培养鉴定 > 其他",
    "description": "从Excel导入: 微生物 > 培养鉴定 > 其他",
    "createdAt": "2026-02-05T01:48:58.780Z",
    "updatedAt": "2026-02-05T01:48:58.780Z"
  },
  {
    "id": 53,
    "name": "微生物 > 通用耗材 > 染色液",
    "description": "从Excel导入: 微生物 > 通用耗材 > 染色液",
    "createdAt": "2026-02-05T01:48:58.780Z",
    "updatedAt": "2026-02-05T01:48:58.780Z"
  },
  {
    "id": 54,
    "name": "生化 > 血糖 > 缓冲液",
    "description": "从Excel导入: 生化 > 血糖 > 缓冲液",
    "createdAt": "2026-02-05T01:48:58.780Z",
    "updatedAt": "2026-02-05T01:48:58.780Z"
  },
  {
    "id": 55,
    "name": "免疫 > 骨代谢 > 校准品",
    "description": "从Excel导入: 免疫 > 骨代谢 > 校准品",
    "createdAt": "2026-02-05T01:48:58.780Z",
    "updatedAt": "2026-02-05T01:48:58.780Z"
  },
  {
    "id": 56,
    "name": "临检 > 血常规 > 其他",
    "description": "从Excel导入: 临检 > 血常规 > 其他",
    "createdAt": "2026-02-05T01:48:58.780Z",
    "updatedAt": "2026-02-05T01:48:58.780Z"
  },
  {
    "id": 57,
    "name": "免疫 > 肾上腺 > 主试剂",
    "description": "从Excel导入: 免疫 > 肾上腺 > 主试剂",
    "createdAt": "2026-02-05T01:48:58.780Z",
    "updatedAt": "2026-02-05T01:48:58.780Z"
  },
  {
    "id": 58,
    "name": "免疫 > 药物浓度",
    "description": "从Excel导入: 免疫 > 药物浓度",
    "createdAt": "2026-02-05T01:48:58.781Z",
    "updatedAt": "2026-02-05T01:48:58.781Z"
  },
  {
    "id": 59,
    "name": "免疫 > 高血压 > 主试剂",
    "description": "从Excel导入: 免疫 > 高血压 > 主试剂",
    "createdAt": "2026-02-05T01:48:58.781Z",
    "updatedAt": "2026-02-05T01:48:58.781Z"
  },
  {
    "id": 60,
    "name": "其他 > 其他",
    "description": "从Excel导入: 其他 > 其他",
    "createdAt": "2026-02-05T01:48:58.781Z",
    "updatedAt": "2026-02-05T01:48:58.781Z"
  },
  {
    "id": 61,
    "name": "免疫 > 贫血",
    "description": "从Excel导入: 免疫 > 贫血",
    "createdAt": "2026-02-05T01:48:58.781Z",
    "updatedAt": "2026-02-05T01:48:58.781Z"
  },
  {
    "id": 62,
    "name": "特定蛋白 > 感染炎症",
    "description": "从Excel导入: 特定蛋白 > 感染炎症",
    "createdAt": "2026-02-05T01:48:58.781Z",
    "updatedAt": "2026-02-05T01:48:58.781Z"
  },
  {
    "id": 63,
    "name": "免疫 > 心肌标志物 > 主试剂",
    "description": "从Excel导入: 免疫 > 心肌标志物 > 主试剂",
    "createdAt": "2026-02-05T01:48:58.781Z",
    "updatedAt": "2026-02-05T01:48:58.781Z"
  },
  {
    "id": 64,
    "name": "生化 > 肾功 > 主试剂",
    "description": "从Excel导入: 生化 > 肾功 > 主试剂",
    "createdAt": "2026-02-05T01:48:58.781Z",
    "updatedAt": "2026-02-05T01:48:58.781Z"
  },
  {
    "id": 65,
    "name": "生化 > 特种蛋白 > 校准品",
    "description": "从Excel导入: 生化 > 特种蛋白 > 校准品",
    "createdAt": "2026-02-05T01:48:58.781Z",
    "updatedAt": "2026-02-05T01:48:58.781Z"
  },
  {
    "id": 66,
    "name": "免疫 > 感染炎症 > 主试剂",
    "description": "从Excel导入: 免疫 > 感染炎症 > 主试剂",
    "createdAt": "2026-02-05T01:48:58.781Z",
    "updatedAt": "2026-02-05T01:48:58.781Z"
  },
  {
    "id": 67,
    "name": "临检 > 尿沉渣 > 清洗液",
    "description": "从Excel导入: 临检 > 尿沉渣 > 清洗液",
    "createdAt": "2026-02-05T01:48:58.781Z",
    "updatedAt": "2026-02-05T01:48:58.781Z"
  },
  {
    "id": 68,
    "name": "免疫 > 糖代谢",
    "description": "从Excel导入: 免疫 > 糖代谢",
    "createdAt": "2026-02-05T01:48:58.781Z",
    "updatedAt": "2026-02-05T01:48:58.781Z"
  },
  {
    "id": 69,
    "name": "生化 > 通用耗材",
    "description": "从Excel导入: 生化 > 通用耗材",
    "createdAt": "2026-02-05T01:48:58.781Z",
    "updatedAt": "2026-02-05T01:48:58.781Z"
  },
  {
    "id": 70,
    "name": "微生物 > 快检 > 主试剂",
    "description": "从Excel导入: 微生物 > 快检 > 主试剂",
    "createdAt": "2026-02-05T01:48:58.781Z",
    "updatedAt": "2026-02-05T01:48:58.781Z"
  },
  {
    "id": 71,
    "name": "微生物 > 通用耗材 > 主试剂",
    "description": "从Excel导入: 微生物 > 通用耗材 > 主试剂",
    "createdAt": "2026-02-05T01:48:58.781Z",
    "updatedAt": "2026-02-05T01:48:58.781Z"
  },
  {
    "id": 72,
    "name": "临检 > 血常规 > 主试剂",
    "description": "从Excel导入: 临检 > 血常规 > 主试剂",
    "createdAt": "2026-02-05T01:48:58.781Z",
    "updatedAt": "2026-02-05T01:48:58.781Z"
  },
  {
    "id": 73,
    "name": "临检 > 尿化学 > 主试剂",
    "description": "从Excel导入: 临检 > 尿化学 > 主试剂",
    "createdAt": "2026-02-05T01:48:58.781Z",
    "updatedAt": "2026-02-05T01:48:58.781Z"
  },
  {
    "id": 74,
    "name": "临检 > 血常规 > 溶血剂",
    "description": "从Excel导入: 临检 > 血常规 > 溶血剂",
    "createdAt": "2026-02-05T01:48:58.781Z",
    "updatedAt": "2026-02-05T01:48:58.781Z"
  },
  {
    "id": 75,
    "name": "临检 > 体液与分泌物 > 其他",
    "description": "从Excel导入: 临检 > 体液与分泌物 > 其他",
    "createdAt": "2026-02-05T01:48:58.781Z",
    "updatedAt": "2026-02-05T01:48:58.781Z"
  },
  {
    "id": 76,
    "name": "生化 > 心血管",
    "description": "从Excel导入: 生化 > 心血管",
    "createdAt": "2026-02-05T01:48:58.782Z",
    "updatedAt": "2026-02-05T01:48:58.782Z"
  },
  {
    "id": 77,
    "name": "生化 > 胰腺 > 主试剂",
    "description": "从Excel导入: 生化 > 胰腺 > 主试剂",
    "createdAt": "2026-02-05T01:48:58.782Z",
    "updatedAt": "2026-02-05T01:48:58.782Z"
  },
  {
    "id": 78,
    "name": "临检 > 粪便分析 > 主试剂",
    "description": "从Excel导入: 临检 > 粪便分析 > 主试剂",
    "createdAt": "2026-02-05T01:48:58.782Z",
    "updatedAt": "2026-02-05T01:48:58.782Z"
  },
  {
    "id": 79,
    "name": "微生物 > 通用耗材 > 其他",
    "description": "从Excel导入: 微生物 > 通用耗材 > 其他",
    "createdAt": "2026-02-05T01:48:58.782Z",
    "updatedAt": "2026-02-05T01:48:58.782Z"
  },
  {
    "id": 80,
    "name": "生化 > 离子 > 质控品",
    "description": "从Excel导入: 生化 > 离子 > 质控品",
    "createdAt": "2026-02-05T01:48:58.782Z",
    "updatedAt": "2026-02-05T01:48:58.782Z"
  },
  {
    "id": 81,
    "name": "生化 > 血糖 > 主试剂",
    "description": "从Excel导入: 生化 > 血糖 > 主试剂",
    "createdAt": "2026-02-05T01:48:58.782Z",
    "updatedAt": "2026-02-05T01:48:58.782Z"
  },
  {
    "id": 82,
    "name": "微生物 > 鉴定药敏 > 主试剂",
    "description": "从Excel导入: 微生物 > 鉴定药敏 > 主试剂",
    "createdAt": "2026-02-05T01:48:58.782Z",
    "updatedAt": "2026-02-05T01:48:58.782Z"
  },
  {
    "id": 83,
    "name": "微生物 > 鉴定药敏 > 其他",
    "description": "从Excel导入: 微生物 > 鉴定药敏 > 其他",
    "createdAt": "2026-02-05T01:48:58.782Z",
    "updatedAt": "2026-02-05T01:48:58.782Z"
  },
  {
    "id": 84,
    "name": "生化 > 血脂 > 主试剂",
    "description": "从Excel导入: 生化 > 血脂 > 主试剂",
    "createdAt": "2026-02-05T01:48:58.782Z",
    "updatedAt": "2026-02-05T01:48:58.782Z"
  },
  {
    "id": 85,
    "name": "微生物 > 鉴定 > 染色液",
    "description": "从Excel导入: 微生物 > 鉴定 > 染色液",
    "createdAt": "2026-02-05T01:48:58.783Z",
    "updatedAt": "2026-02-05T01:48:58.783Z"
  },
  {
    "id": 86,
    "name": "免疫 > 自免抗体 > 稀释液",
    "description": "从Excel导入: 免疫 > 自免抗体 > 稀释液",
    "createdAt": "2026-02-05T01:48:58.783Z",
    "updatedAt": "2026-02-05T01:48:58.783Z"
  },
  {
    "id": 87,
    "name": "免疫 > 自免抗体 > 其他",
    "description": "从Excel导入: 免疫 > 自免抗体 > 其他",
    "createdAt": "2026-02-05T01:48:58.783Z",
    "updatedAt": "2026-02-05T01:48:58.783Z"
  },
  {
    "id": 88,
    "name": "特定蛋白 > 风湿类风湿 > 主试剂",
    "description": "从Excel导入: 特定蛋白 > 风湿类风湿 > 主试剂",
    "createdAt": "2026-02-05T01:48:58.783Z",
    "updatedAt": "2026-02-05T01:48:58.783Z"
  },
  {
    "id": 89,
    "name": "质控品与标准物 > 标准物 > 其他",
    "description": "从Excel导入: 质控品与标准物 > 标准物 > 其他",
    "createdAt": "2026-02-05T01:48:58.783Z",
    "updatedAt": "2026-02-05T01:48:58.783Z"
  },
  {
    "id": 90,
    "name": "生化 > 离子 > 校准品",
    "description": "从Excel导入: 生化 > 离子 > 校准品",
    "createdAt": "2026-02-05T01:48:58.783Z",
    "updatedAt": "2026-02-05T01:48:58.783Z"
  },
  {
    "id": 91,
    "name": "临检 > 尿化学 > 清洗液",
    "description": "从Excel导入: 临检 > 尿化学 > 清洗液",
    "createdAt": "2026-02-05T01:48:58.783Z",
    "updatedAt": "2026-02-05T01:48:58.783Z"
  },
  {
    "id": 92,
    "name": "生化 > 离子 > 其他",
    "description": "从Excel导入: 生化 > 离子 > 其他",
    "createdAt": "2026-02-05T01:48:58.783Z",
    "updatedAt": "2026-02-05T01:48:58.783Z"
  },
  {
    "id": 93,
    "name": "生化 > 血糖 > 校准品",
    "description": "从Excel导入: 生化 > 血糖 > 校准品",
    "createdAt": "2026-02-05T01:48:58.784Z",
    "updatedAt": "2026-02-05T01:48:58.784Z"
  },
  {
    "id": 94,
    "name": "临检 > 血气与电解质 > 质控品",
    "description": "从Excel导入: 临检 > 血气与电解质 > 质控品",
    "createdAt": "2026-02-05T01:48:58.784Z",
    "updatedAt": "2026-02-05T01:48:58.784Z"
  },
  {
    "id": 95,
    "name": "临检 > 血常规 > 清洗液",
    "description": "从Excel导入: 临检 > 血常规 > 清洗液",
    "createdAt": "2026-02-05T01:48:58.785Z",
    "updatedAt": "2026-02-05T01:48:58.785Z"
  },
  {
    "id": 96,
    "name": "临检 > 尿沉渣 > 质控品",
    "description": "从Excel导入: 临检 > 尿沉渣 > 质控品",
    "createdAt": "2026-02-05T01:48:58.785Z",
    "updatedAt": "2026-02-05T01:48:58.785Z"
  },
  {
    "id": 97,
    "name": "临检 > 血常规 > 稀释液",
    "description": "从Excel导入: 临检 > 血常规 > 稀释液",
    "createdAt": "2026-02-05T01:48:58.785Z",
    "updatedAt": "2026-02-05T01:48:58.785Z"
  },
  {
    "id": 98,
    "name": "临检 > 血气与电解质 > 其他",
    "description": "从Excel导入: 临检 > 血气与电解质 > 其他",
    "createdAt": "2026-02-05T01:48:58.785Z",
    "updatedAt": "2026-02-05T01:48:58.785Z"
  },
  {
    "id": 99,
    "name": "临检 > 尿沉渣 > 主试剂",
    "description": "从Excel导入: 临检 > 尿沉渣 > 主试剂",
    "createdAt": "2026-02-05T01:48:58.785Z",
    "updatedAt": "2026-02-05T01:48:58.785Z"
  },
  {
    "id": 100,
    "name": "临检 > 血常规 > 染色液",
    "description": "从Excel导入: 临检 > 血常规 > 染色液",
    "createdAt": "2026-02-05T01:48:58.785Z",
    "updatedAt": "2026-02-05T01:48:58.785Z"
  },
  {
    "id": 101,
    "name": "免疫 > 肿瘤标志物 > 校准品",
    "description": "从Excel导入: 免疫 > 肿瘤标志物 > 校准品",
    "createdAt": "2026-02-05T01:48:58.786Z",
    "updatedAt": "2026-02-05T01:48:58.786Z"
  },
  {
    "id": 102,
    "name": "生化 > 血糖 > 其他",
    "description": "从Excel导入: 生化 > 血糖 > 其他",
    "createdAt": "2026-02-05T01:48:58.786Z",
    "updatedAt": "2026-02-05T01:48:58.786Z"
  },
  {
    "id": 103,
    "name": "特定蛋白 > 通用耗材",
    "description": "从Excel导入: 特定蛋白 > 通用耗材",
    "createdAt": "2026-02-05T01:48:58.786Z",
    "updatedAt": "2026-02-05T01:48:58.786Z"
  },
  {
    "id": 104,
    "name": "临检 > 便常规 > 主试剂",
    "description": "从Excel导入: 临检 > 便常规 > 主试剂",
    "createdAt": "2026-02-05T01:48:58.786Z",
    "updatedAt": "2026-02-05T01:48:58.786Z"
  },
  {
    "id": 105,
    "name": "临检 > 血常规 > 校准品",
    "description": "从Excel导入: 临检 > 血常规 > 校准品",
    "createdAt": "2026-02-05T01:48:58.787Z",
    "updatedAt": "2026-02-05T01:48:58.787Z"
  },
  {
    "id": 106,
    "name": "生化 > 离子 > 清洗液",
    "description": "从Excel导入: 生化 > 离子 > 清洗液",
    "createdAt": "2026-02-05T01:48:58.787Z",
    "updatedAt": "2026-02-05T01:48:58.787Z"
  },
  {
    "id": 107,
    "name": "临检 > 尿化学 > 校准品",
    "description": "从Excel导入: 临检 > 尿化学 > 校准品",
    "createdAt": "2026-02-05T01:48:58.787Z",
    "updatedAt": "2026-02-05T01:48:58.787Z"
  },
  {
    "id": 108,
    "name": "特定蛋白 > 贫血 > 主试剂",
    "description": "从Excel导入: 特定蛋白 > 贫血 > 主试剂",
    "createdAt": "2026-02-05T01:48:58.787Z",
    "updatedAt": "2026-02-05T01:48:58.787Z"
  },
  {
    "id": 109,
    "name": "临检 > 尿沉渣 > 稀释液",
    "description": "从Excel导入: 临检 > 尿沉渣 > 稀释液",
    "createdAt": "2026-02-05T01:48:58.788Z",
    "updatedAt": "2026-02-05T01:48:58.788Z"
  },
  {
    "id": 110,
    "name": "特定蛋白 > 肝功",
    "description": "从Excel导入: 特定蛋白 > 肝功",
    "createdAt": "2026-02-05T01:48:58.789Z",
    "updatedAt": "2026-02-05T01:48:58.789Z"
  },
  {
    "id": 111,
    "name": "生化 > 肝功 > 校准品",
    "description": "从Excel导入: 生化 > 肝功 > 校准品",
    "createdAt": "2026-02-05T01:48:58.789Z",
    "updatedAt": "2026-02-05T01:48:58.789Z"
  },
  {
    "id": 112,
    "name": "其他 > 主试剂 > 主试剂",
    "description": "从Excel导入: 其他 > 主试剂 > 主试剂",
    "createdAt": "2026-02-05T01:48:58.789Z",
    "updatedAt": "2026-02-05T01:48:58.789Z"
  },
  {
    "id": 113,
    "name": "其他 > 清洗液 > 清洗液",
    "description": "从Excel导入: 其他 > 清洗液 > 清洗液",
    "createdAt": "2026-02-05T01:48:58.789Z",
    "updatedAt": "2026-02-05T01:48:58.789Z"
  },
  {
    "id": 114,
    "name": "微生物 > 快检 > 其他",
    "description": "从Excel导入: 微生物 > 快检 > 其他",
    "createdAt": "2026-02-05T01:48:58.789Z",
    "updatedAt": "2026-02-05T01:48:58.789Z"
  },
  {
    "id": 115,
    "name": "特定蛋白 > 变应原 > 主试剂",
    "description": "从Excel导入: 特定蛋白 > 变应原 > 主试剂",
    "createdAt": "2026-02-05T01:48:58.790Z",
    "updatedAt": "2026-02-05T01:48:58.790Z"
  },
  {
    "id": 116,
    "name": "生化 > 糖代谢 > 主试剂",
    "description": "从Excel导入: 生化 > 糖代谢 > 主试剂",
    "createdAt": "2026-02-05T01:48:58.790Z",
    "updatedAt": "2026-02-05T01:48:58.790Z"
  },
  {
    "id": 117,
    "name": "其他 > 校准品 > 校准品",
    "description": "从Excel导入: 其他 > 校准品 > 校准品",
    "createdAt": "2026-02-05T01:48:58.790Z",
    "updatedAt": "2026-02-05T01:48:58.790Z"
  },
  {
    "id": 118,
    "name": "特定蛋白 > 心血管 > 主试剂",
    "description": "从Excel导入: 特定蛋白 > 心血管 > 主试剂",
    "createdAt": "2026-02-05T01:48:58.791Z",
    "updatedAt": "2026-02-05T01:48:58.791Z"
  },
  {
    "id": 119,
    "name": "特定蛋白 > 肾功 > 校准品",
    "description": "从Excel导入: 特定蛋白 > 肾功 > 校准品",
    "createdAt": "2026-02-05T01:48:58.792Z",
    "updatedAt": "2026-02-05T01:48:58.792Z"
  },
  {
    "id": 120,
    "name": "临检 > 便常规 > 其他",
    "description": "从Excel导入: 临检 > 便常规 > 其他",
    "createdAt": "2026-02-05T01:48:58.792Z",
    "updatedAt": "2026-02-05T01:48:58.792Z"
  },
  {
    "id": 121,
    "name": "其他 > 质控品 > 质控品",
    "description": "从Excel导入: 其他 > 质控品 > 质控品",
    "createdAt": "2026-02-05T01:48:58.793Z",
    "updatedAt": "2026-02-05T01:48:58.793Z"
  },
  {
    "id": 122,
    "name": "临检 > 粪便分析 > 稀释液",
    "description": "从Excel导入: 临检 > 粪便分析 > 稀释液",
    "createdAt": "2026-02-05T01:48:58.794Z",
    "updatedAt": "2026-02-05T01:48:58.794Z"
  },
  {
    "id": 123,
    "name": "临检 > 血气与电解质 > 清洗液",
    "description": "从Excel导入: 临检 > 血气与电解质 > 清洗液",
    "createdAt": "2026-02-05T01:48:58.794Z",
    "updatedAt": "2026-02-05T01:48:58.794Z"
  },
  {
    "id": 124,
    "name": "免疫",
    "description": "从Excel导入: 免疫",
    "createdAt": "2026-02-05T01:48:58.795Z",
    "updatedAt": "2026-02-05T01:48:58.795Z"
  },
  {
    "id": 125,
    "name": "免疫 > 变应原",
    "description": "从Excel导入: 免疫 > 变应原",
    "createdAt": "2026-02-05T01:48:58.795Z",
    "updatedAt": "2026-02-05T01:48:58.795Z"
  },
  {
    "id": 126,
    "name": "特定蛋白 > 神经系统 > 主试剂",
    "description": "从Excel导入: 特定蛋白 > 神经系统 > 主试剂",
    "createdAt": "2026-02-05T01:48:58.796Z",
    "updatedAt": "2026-02-05T01:48:58.796Z"
  },
  {
    "id": 127,
    "name": "微生物 > 鉴定药敏 > 质控品",
    "description": "从Excel导入: 微生物 > 鉴定药敏 > 质控品",
    "createdAt": "2026-02-05T01:48:58.796Z",
    "updatedAt": "2026-02-05T01:48:58.796Z"
  },
  {
    "id": 128,
    "name": "生化 > 血糖 > 溶血剂",
    "description": "从Excel导入: 生化 > 血糖 > 溶血剂",
    "createdAt": "2026-02-05T01:48:58.796Z",
    "updatedAt": "2026-02-05T01:48:58.796Z"
  },
  {
    "id": 129,
    "name": "质控品与标准物 > 标准物 > 校准品",
    "description": "从Excel导入: 质控品与标准物 > 标准物 > 校准品",
    "createdAt": "2026-02-05T01:48:58.797Z",
    "updatedAt": "2026-02-05T01:48:58.797Z"
  },
  {
    "id": 130,
    "name": "免疫 > 肾上腺 > 校准品",
    "description": "从Excel导入: 免疫 > 肾上腺 > 校准品",
    "createdAt": "2026-02-05T01:48:58.797Z",
    "updatedAt": "2026-02-05T01:48:58.797Z"
  },
  {
    "id": 131,
    "name": "生化 > 血脂 > 校准品",
    "description": "从Excel导入: 生化 > 血脂 > 校准品",
    "createdAt": "2026-02-05T01:48:58.798Z",
    "updatedAt": "2026-02-05T01:48:58.798Z"
  },
  {
    "id": 132,
    "name": "免疫 > 感染炎症 > 校准品",
    "description": "从Excel导入: 免疫 > 感染炎症 > 校准品",
    "createdAt": "2026-02-05T01:48:58.798Z",
    "updatedAt": "2026-02-05T01:48:58.798Z"
  },
  {
    "id": 133,
    "name": "免疫 > 心肌标志物 > 校准品",
    "description": "从Excel导入: 免疫 > 心肌标志物 > 校准品",
    "createdAt": "2026-02-05T01:48:58.798Z",
    "updatedAt": "2026-02-05T01:48:58.798Z"
  },
  {
    "id": 134,
    "name": "临检 > 尿沉渣 > 校准品",
    "description": "从Excel导入: 临检 > 尿沉渣 > 校准品",
    "createdAt": "2026-02-05T01:48:58.799Z",
    "updatedAt": "2026-02-05T01:48:58.799Z"
  },
  {
    "id": 135,
    "name": "生化 > 特种蛋白 > 质控品",
    "description": "从Excel导入: 生化 > 特种蛋白 > 质控品",
    "createdAt": "2026-02-05T01:48:58.800Z",
    "updatedAt": "2026-02-05T01:48:58.800Z"
  },
  {
    "id": 136,
    "name": "免疫 > 甲状腺激素 > 质控品",
    "description": "从Excel导入: 免疫 > 甲状腺激素 > 质控品",
    "createdAt": "2026-02-05T01:48:58.800Z",
    "updatedAt": "2026-02-05T01:48:58.800Z"
  }
]